Workbook

Sheet Tổng hợp
A1: Tổng hợp test case — Cách ly dữ liệu giữa các tenant (Postgres)
A3: Tiền tố | B3: Nhóm | C3: Mục tài liệu | D3: Số test case | E3: Đạt | F3: Không đạt | G3: Chưa chạy
A4: ISO | B4: Nguyên tắc cách ly chung (đọc/ghi/suy ra) | C4: 1 | D4: =COUNTIF('Test case'!$B$2:$B$205,B4) -> 14 | E4: =COUNTIFS('Test case'!$B$2:$B$205,B4,'Test case'!$I$2:$I$205,"Đạt") -> 0 | F4: =COUNTIFS('Test case'!$B$2:$B$205,B4,'Test case'!$I$2:$I$205,"Không đạt") -> 0 | G4: =COUNTIFS('Test case'!$B$2:$B$205,B4,'Test case'!$I$2:$I$205,"Chưa chạy") -> 14
A5: TBL | B5: Bảng không có tenant_id | C5: 4.1 | D5: =COUNTIF('Test case'!$B$2:$B$205,B5) -> 7 | E5: =COUNTIFS('Test case'!$B$2:$B$205,B5,'Test case'!$I$2:$I$205,"Đạt") -> 0 | F5: =COUNTIFS('Test case'!$B$2:$B$205,B5,'Test case'!$I$2:$I$205,"Không đạt") -> 0 | G5: =COUNTIFS('Test case'!$B$2:$B$205,B5,'Test case'!$I$2:$I$205,"Chưa chạy") -> 7
A6: PRV | B6: Phân quyền theo câu lệnh và vai trò | C6: 3.1, 3.5 | D6: =COUNTIF('Test case'!$B$2:$B$205,B6) -> 18 | E6: =COUNTIFS('Test case'!$B$2:$B$205,B6,'Test case'!$I$2:$I$205,"Đạt") -> 0 | F6: =COUNTIFS('Test case'!$B$2:$B$205,B6,'Test case'!$I$2:$I$205,"Không đạt") -> 0 | G6: =COUNTIFS('Test case'!$B$2:$B$205,B6,'Test case'!$I$2:$I$205,"Chưa chạy") -> 18
A7: ROL | B7: Thuộc tính và vai trò (role attributes) | C7: 3.2 – 3.4, 3.6.1, 3.6.2 | D7: =COUNTIF('Test case'!$B$2:$B$205,B7) -> 12 | E7: =COUNTIFS('Test case'!$B$2:$B$205,B7,'Test case'!$I$2:$I$205,"Đạt") -> 0 | F7: =COUNTIFS('Test case'!$B$2:$B$205,B7,'Test case'!$I$2:$I$205,"Không đạt") -> 0 | G7: =COUNTIFS('Test case'!$B$2:$B$205,B7,'Test case'!$I$2:$I$205,"Chưa chạy") -> 12
A8: CFG | B8: Quyền và cấu hình bắt buộc của role | C8: 3.6.3 | D8: =COUNTIF('Test case'!$B$2:$B$205,B8) -> 13 | E8: =COUNTIFS('Test case'!$B$2:$B$205,B8,'Test case'!$I$2:$I$205,"Đạt") -> 0 | F8: =COUNTIFS('Test case'!$B$2:$B$205,B8,'Test case'!$I$2:$I$205,"Không đạt") -> 0 | G8: =COUNTIFS('Test case'!$B$2:$B$205,B8,'Test case'!$I$2:$I$205,"Chưa chạy") -> 13
A9: APP | B9: Rò rỉ qua app_user | C9: 4.2 | D9: =COUNTIF('Test case'!$B$2:$B$205,B9) -> 18 | E9: =COUNTIFS('Test case'!$B$2:$B$205,B9,'Test case'!$I$2:$I$205,"Đạt") -> 0 | F9: =COUNTIFS('Test case'!$B$2:$B$205,B9,'Test case'!$I$2:$I$205,"Không đạt") -> 0 | G9: =COUNTIFS('Test case'!$B$2:$B$205,B9,'Test case'!$I$2:$I$205,"Chưa chạy") -> 18
A10: MIG | B10: Rò rỉ qua app_migrator / migration | C10: 4.3 | D10: =COUNTIF('Test case'!$B$2:$B$205,B10) -> 18 | E10: =COUNTIFS('Test case'!$B$2:$B$205,B10,'Test case'!$I$2:$I$205,"Đạt") -> 0 | F10: =COUNTIFS('Test case'!$B$2:$B$205,B10,'Test case'!$I$2:$I$205,"Không đạt") -> 0 | G10: =COUNTIFS('Test case'!$B$2:$B$205,B10,'Test case'!$I$2:$I$205,"Chưa chạy") -> 18
A11: OBJ | B11: Đối tượng mới làm rò rỉ | C11: 4.5 | D11: =COUNTIF('Test case'!$B$2:$B$205,B11) -> 12 | E11: =COUNTIFS('Test case'!$B$2:$B$205,B11,'Test case'!$I$2:$I$205,"Đạt") -> 0 | F11: =COUNTIFS('Test case'!$B$2:$B$205,B11,'Test case'!$I$2:$I$205,"Không đạt") -> 0 | G11: =COUNTIFS('Test case'!$B$2:$B$205,B11,'Test case'!$I$2:$I$205,"Chưa chạy") -> 12
A12: CLU | B12: Cấu hình cấp cluster | C12: 4.6 | D12: =COUNTIF('Test case'!$B$2:$B$205,B12) -> 22 | E12: =COUNTIFS('Test case'!$B$2:$B$205,B12,'Test case'!$I$2:$I$205,"Đạt") -> 0 | F12: =COUNTIFS('Test case'!$B$2:$B$205,B12,'Test case'!$I$2:$I$205,"Không đạt") -> 0 | G12: =COUNTIFS('Test case'!$B$2:$B$205,B12,'Test case'!$I$2:$I$205,"Chưa chạy") -> 22
A13: GRT | B13: Lệch quyền gián tiếp (config drift) | C13: 4.7 | D13: =COUNTIF('Test case'!$B$2:$B$205,B13) -> 15 | E13: =COUNTIFS('Test case'!$B$2:$B$205,B13,'Test case'!$I$2:$I$205,"Đạt") -> 0 | F13: =COUNTIFS('Test case'!$B$2:$B$205,B13,'Test case'!$I$2:$I$205,"Không đạt") -> 0 | G13: =COUNTIFS('Test case'!$B$2:$B$205,B13,'Test case'!$I$2:$I$205,"Chưa chạy") -> 15
A14: CON | B14: Dùng chung connection (connection pool) | C14: 4.8 | D14: =COUNTIF('Test case'!$B$2:$B$205,B14) -> 19 | E14: =COUNTIFS('Test case'!$B$2:$B$205,B14,'Test case'!$I$2:$I$205,"Đạt") -> 0 | F14: =COUNTIFS('Test case'!$B$2:$B$205,B14,'Test case'!$I$2:$I$205,"Không đạt") -> 0 | G14: =COUNTIFS('Test case'!$B$2:$B$205,B14,'Test case'!$I$2:$I$205,"Chưa chạy") -> 19
A15: SID | B15: Side channel | C15: 4.9 | D15: =COUNTIF('Test case'!$B$2:$B$205,B15) -> 15 | E15: =COUNTIFS('Test case'!$B$2:$B$205,B15,'Test case'!$I$2:$I$205,"Đạt") -> 0 | F15: =COUNTIFS('Test case'!$B$2:$B$205,B15,'Test case'!$I$2:$I$205,"Không đạt") -> 0 | G15: =COUNTIFS('Test case'!$B$2:$B$205,B15,'Test case'!$I$2:$I$205,"Chưa chạy") -> 15
A16: OUT | B16: Dữ liệu nằm ngoài bảng | C16: 4.10 | D16: =COUNTIF('Test case'!$B$2:$B$205,B16) -> 21 | E16: =COUNTIFS('Test case'!$B$2:$B$205,B16,'Test case'!$I$2:$I$205,"Đạt") -> 0 | F16: =COUNTIFS('Test case'!$B$2:$B$205,B16,'Test case'!$I$2:$I$205,"Không đạt") -> 0 | G16: =COUNTIFS('Test case'!$B$2:$B$205,B16,'Test case'!$I$2:$I$205,"Chưa chạy") -> 21
B17: Tổng | D17: =SUM(D4:D16) -> 204 | E17: =SUM(E4:E16) -> 0 | F17: =SUM(F4:F16) -> 0 | G17: =SUM(G4:G16) -> 204
A19: Theo mức ưu tiên
A20: P0 | B20: Bắt buộc, lỗi là rò rỉ dữ liệu trực tiếp | D20: =COUNTIF('Test case'!$G$2:$G$205,A20) -> 114
A21: P1 | B21: Cao, rò rỉ gián tiếp hoặc lệch cấu hình | D21: =COUNTIF('Test case'!$G$2:$G$205,A21) -> 70
A22: P2 | B22: Trung bình, side channel/vận hành | D22: =COUNTIF('Test case'!$G$2:$G$205,A22) -> 18
A23: P3 | B23: Thấp | D23: =COUNTIF('Test case'!$G$2:$G$205,A23) -> 2
A25: Hướng dẫn: nhập kết quả vào cột 'Kết quả thực tế' và chọn 'Trạng thái' (ô nền vàng) ở sheet 'Test case'; sheet này tự cập nhật.
A26: Mã TC có dạng TC-<nhóm>-<số thứ tự>. Nhóm: ISO, TBL, PRV, ROL, CFG, APP, MIG, OBJ, CLU, GRT, CON, SID, OUT.
A27: Ví dụ đã điền sẵn: TC-APP-01 kiểm tra app_user tự đổi app.tenant_id; kết quả mong đợi là không đọc được dữ liệu tenant khác.
A28: Giả định: vai trò app_user/app_owner/app_migrator/postgres và ENABLE + FORCE RLS đúng như tài liệu; test dùng ít nhất 2 tenant (A, B) có dữ liệu mẫu.

Sheet Test case
A1: Mã TC | B1: Nhóm | C1: Mục tài liệu | D1: Kiểm thử điều gì | E1: Cách thực hiện | F1: Kết quả mong đợi | G1: Ưu tiên | H1: Kết quả thực tế | I1: Trạng thái
A2: TC-ISO-01 | B2: Nguyên tắc cách ly chung (đọc/ghi/suy ra) | C2: 1 | D2: Tenant A không đọc (xem/tìm/liệt kê) được dữ liệu tenant B | E2: Đăng nhập tenant A, gọi API get/list/search dữ liệu của B | F2: Không trả dòng nào của B | G2: P0 | I2: Chưa chạy
A3: TC-ISO-02 | B3: Nguyên tắc cách ly chung (đọc/ghi/suy ra) | C3: 1 | D3: Tenant A không export được dữ liệu tenant B | E3: Chạy chức năng export/báo cáo bằng tenant A | F3: File chỉ chứa dữ liệu A | G3: P0 | I3: Chưa chạy
A4: TC-ISO-03 | B4: Nguyên tắc cách ly chung (đọc/ghi/suy ra) | C4: 1 | D4: Tenant A không tạo được dữ liệu thuộc tenant B | E4: POST với tenant_id của B trong body/param | F4: Bị từ chối hoặc ghi vào tenant A; không có dòng mới ở B | G4: P0 | I4: Chưa chạy
A5: TC-ISO-04 | B5: Nguyên tắc cách ly chung (đọc/ghi/suy ra) | C5: 1 | D5: Tenant A không sửa được dữ liệu tenant B | E5: PUT/PATCH theo ID của B | F5: 404 / 0 dòng bị ảnh hưởng; dữ liệu B không đổi | G5: P0 | I5: Chưa chạy
A6: TC-ISO-05 | B6: Nguyên tắc cách ly chung (đọc/ghi/suy ra) | C6: 1 | D6: Tenant A không xóa được dữ liệu tenant B | E6: DELETE theo ID của B | F6: 404 / 0 dòng bị ảnh hưởng; dữ liệu B còn nguyên | G6: P0 | I6: Chưa chạy
A7: TC-ISO-06 | B7: Nguyên tắc cách ly chung (đọc/ghi/suy ra) | C7: 1 | D7: Phản hồi khi truy cập ID của tenant khác giống hệt ID không tồn tại | E7: So sánh /orders/{id của B} với /orders/{id không có thật} | F7: Cùng mã lỗi 'không tìm thấy', cùng nội dung, không phải 'không có quyền' | G7: P0 | I7: Chưa chạy
A8: TC-ISO-07 | B8: Nguyên tắc cách ly chung (đọc/ghi/suy ra) | C8: 1 | D8: Thống kê chung không làm lộ số liệu tenant khác | E8: Gọi API thống kê/đếm từ tenant A | F8: Chỉ đếm dữ liệu của A | G8: P1 | I8: Chưa chạy
A9: TC-ISO-08 | B9: Nguyên tắc cách ly chung (đọc/ghi/suy ra) | C9: 1 | D9: Thông báo lỗi không chứa dữ liệu tenant khác | E9: Gây lỗi nghiệp vụ trên tenant A, đọc nội dung lỗi | F9: Không có giá trị/ID/tên của B | G9: P0 | I9: Chưa chạy
A10: TC-ISO-09 | B10: Nguyên tắc cách ly chung (đọc/ghi/suy ra) | C10: 1 | D10: Khóa cache có tenant_id | E10: Tenant A và B cùng gọi một endpoint có cache; so sánh khóa và kết quả | F10: Khóa khác nhau theo tenant; không trả nhầm cache | G10: P0 | I10: Chưa chạy
A11: TC-ISO-10 | B11: Nguyên tắc cách ly chung (đọc/ghi/suy ra) | C11: 1 | D11: File lưu trữ tách theo thư mục/bucket/tiền tố tenant | E11: Tenant A thử tải file theo đường dẫn/ID file của B | F11: Bị từ chối / không tìm thấy | G11: P0 | I11: Chưa chạy
A12: TC-ISO-11 | B12: Nguyên tắc cách ly chung (đọc/ghi/suy ra) | C12: 1 | D12: Log không lẫn dữ liệu nhạy cảm tenant khác trong tầm xem của tenant | E12: Xem log/audit mà tenant A truy cập được | F12: Chỉ có log của A | G12: P1 | I12: Chưa chạy
A13: TC-ISO-12 | B13: Nguyên tắc cách ly chung (đọc/ghi/suy ra) | C13: 1 | D13: Search index lọc theo tenant | E13: Tìm kiếm từ khóa chỉ có ở dữ liệu B bằng tenant A | F13: Không có kết quả | G13: P0 | I13: Chưa chạy
... A205: TC-OUT-21 | B205: Dữ liệu nằm ngoài bảng | C205: 4.10 | D205: Môi trường dev/test không chứa dữ liệu production chưa ẩn danh | E205: Kiểm tra dữ liệu dev/test | F205: Đã ẩn danh/che dữ liệu | G205: P0 | I205: Chưa chạy
